antecedents,consequents,antecedent support,consequent support,support,confidence,lift,representativity,leverage,conviction,zhangs_metric,jaccard,certainty,kulczynski
frozenset({'High_Unemployment'}),frozenset({'Low_GDP'}),0.29411764705882354,0.7058823529411765,0.29411764705882354,1.0,1.4166666666666665,1.0,0.08650519031141868,inf,0.41666666666666663,0.41666666666666674,1.0,0.7083333333333333
"frozenset({'High_Unemployment', 'Low_Inflation'})",frozenset({'Low_GDP'}),0.17647058823529413,0.7058823529411765,0.17647058823529413,1.0,1.4166666666666665,1.0,0.0519031141868512,inf,0.35714285714285704,0.25,1.0,0.625
frozenset({'Low_Unemployment'}),frozenset({'Low_Inflation'}),0.5588235294117647,0.7941176470588235,0.5588235294117647,1.0,1.2592592592592593,1.0,0.1150519031141869,inf,0.46666666666666684,0.7037037037037036,1.0,0.8518518518518519
"frozenset({'Low_GDP', 'Low_Unemployment'})",frozenset({'Low_Inflation'}),0.29411764705882354,0.7941176470588235,0.29411764705882354,1.0,1.2592592592592593,1.0,0.06055363321799309,inf,0.29166666666666674,0.37037037037037046,1.0,0.6851851851851852
frozenset({'Low_Inflation'}),frozenset({'Low_Unemployment'}),0.7941176470588235,0.5588235294117647,0.5588235294117647,0.7037037037037037,1.2592592592592593,1.0,0.1150519031141869,1.4889705882352942,1.0000000000000002,0.7037037037037036,0.32839506172839505,0.8518518518518519
frozenset({'High_Unemployment'}),"frozenset({'Low_Inflation', 'Low_GDP'})",0.29411764705882354,0.5,0.17647058823529413,0.6,1.2,1.0,0.02941176470588236,1.25,0.2361111111111112,0.2857142857142857,0.19999999999999996,0.4764705882352941
